[
    {
        "id": "68317ceaec6508.34991422",
        "original_filename": "舍得.mp3",
        "music_filename": "68317ceaec6508.34991422.mp3",
        "cover_filename": null,
        "title": "舍得",
        "artist": "王呈章",
        "album": "舍得",
        "duration": "4:22",
        "duration_seconds": 262.3215625
    },
    {
        "id": "6831895f99b809.06233142923fd24a",
        "original_filename": "2651696877.mp3",
        "music_filename": "6831895f99b809.06233142923fd24a.mp3",
        "cover_filename": null,
        "title": "爱情转移",
        "artist": "陈奕迅",
        "album": "未知专辑",
        "duration": "4:20",
        "duration_seconds": 260.02275
    },
    {
        "id": "6831aab6930fa2.95106346fed341df",
        "original_filename": "M500002EIijD3c9Jcg.mp3",
        "music_filename": "6831aab6930fa2.95106346fed341df.mp3",
        "cover_filename": null,
        "title": "你要的全拿走",
        "artist": "胡彦斌",
        "album": "覅忒好",
        "duration": "4:59",
        "duration_seconds": 299.36325
    },
    {
        "id": "6831ab361769a2.9021964957df0952",
        "original_filename": "939647285.mp3",
        "music_filename": "6831ab361769a2.9021964957df0952.mp3",
        "cover_filename": null,
        "title": "不要忘记我爱你",
        "artist": "张碧晨",
        "album": "未知专辑",
        "duration": "3:45",
        "duration_seconds": 225.384375
    },
    {
        "id": "6831b0a07639c4.95689069436d8c54",
        "original_filename": "山楂树之恋.mp3",
        "music_filename": "6831b0a07639c4.95689069436d8c54.mp3",
        "cover_filename": null,
        "title": "山楂树之恋",
        "artist": "程佳佳",
        "album": "未知专辑",
        "duration": "3:04",
        "duration_seconds": 184.55510318345125
    },
    {
        "id": "6831b117dde1c5.836556967a7c9b50",
        "original_filename": "a829e1b2835ffb15c3d2f63d23b5c76b.mp3",
        "music_filename": "6831b117dde1c5.836556967a7c9b50.mp3",
        "cover_filename": null,
        "title": "一生不变",
        "artist": "李克勤",
        "album": "未知专辑",
        "duration": "4:22",
        "duration_seconds": 262.37387759830295
    },
    {
        "id": "6831b2317559e9.190369047e897dce",
        "original_filename": "够钟.mp3",
        "music_filename": "6831b2317559e9.190369047e897dce.mp3",
        "cover_filename": null,
        "title": "够钟",
        "artist": "周柏豪",
        "album": "未知专辑",
        "duration": "3:48",
        "duration_seconds": 228.62367389776344
    },
    {
        "id": "6831b866975fc1.432713338e324509",
        "original_filename": "勋章.mp3",
        "music_filename": "6831b866975fc1.432713338e324509.mp3",
        "cover_filename": null,
        "title": "勋章",
        "artist": "鹿晗",
        "album": "未知专辑",
        "duration": "3:04",
        "duration_seconds": 184.55510318345125
    },
    {
        "id": "6831bd8bb32b99.3346734532db63db",
        "original_filename": "29c4b2da9af520cf938ab71151a20442.mp3",
        "music_filename": "6831bd8bb32b99.3346734532db63db.mp3",
        "cover_filename": null,
        "title": "有我呢",
        "artist": "郭一凡",
        "album": "未知专辑",
        "duration": "4:34",
        "duration_seconds": 274.57308615315236
    },
    {
        "id": "6831bdb912b744.243553244c3f1245",
        "original_filename": "cf612e20e1b9976528fe6682d94777ee.mp3",
        "music_filename": "6831bdb912b744.243553244c3f1245.mp3",
        "cover_filename": null,
        "title": "倒带",
        "artist": "蔡依林",
        "album": "未知专辑",
        "duration": "4:26",
        "duration_seconds": 266.16163266287384
    },
    {
        "id": "6831be1ca4e944.86240836a943e624",
        "original_filename": "2f4ff875f1bd90b7a5db0fa42e5dae8d.mp3",
        "music_filename": "6831be1ca4e944.86240836a943e624.mp3",
        "cover_filename": null,
        "title": "可不可以",
        "artist": "张紫豪",
        "album": "未知专辑",
        "duration": "4:00",
        "duration_seconds": 240.91200239043826
    },
    {
        "id": "6831be977f63e3.459066840f14ae92",
        "original_filename": "偏爱.mp3",
        "music_filename": "6831be977f63e3.459066840f14ae92.mp3",
        "cover_filename": null,
        "title": "偏爱",
        "artist": "张芸京",
        "album": "未知专辑",
        "duration": "3:35",
        "duration_seconds": 215.01600267827254
    },
    {
        "id": "6831bef0a79605.975763195b9a995c",
        "original_filename": "0619c41a9d242d6768faebd11d71155a.mp3",
        "music_filename": "6831bef0a79605.975763195b9a995c.mp3",
        "cover_filename": null,
        "title": "我知道",
        "artist": "By2",
        "album": "未知专辑",
        "duration": "4:05",
        "duration_seconds": 245.95200234146344
    },
    {
        "id": "6831bf3cf1bbe2.187383698ba014d7",
        "original_filename": "f15db921905b7dc7be3b5c8ab28f49d4.mp3",
        "music_filename": "6831bf3cf1bbe2.187383698ba014d7.mp3",
        "cover_filename": null,
        "title": "富士山下",
        "artist": "陈奕迅",
        "album": "未知专辑",
        "duration": "4:18",
        "duration_seconds": 258.9257143664083
    },
    {
        "id": "6831bf88364618.75703721b46f544b",
        "original_filename": "瞬.mp3",
        "music_filename": "6831bf88364618.75703721b46f544b.mp3",
        "cover_filename": null,
        "title": "瞬",
        "artist": "郑润泽",
        "album": "未知专辑",
        "duration": "3:35",
        "duration_seconds": 215.01600267827254
    },
    {
        "id": "6831c077685058.734747003ea2f8f1",
        "original_filename": "f79ba9470b192fbaeed9522917bfd3ae.mp3",
        "music_filename": "6831c077685058.734747003ea2f8f1.mp3",
        "cover_filename": null,
        "title": "寂寞烟火",
        "artist": "朱婧汐Akini Jing",
        "album": "未知专辑",
        "duration": "4:32",
        "duration_seconds": 272.9796167793328
    },
    {
        "id": "6831c0e9d495d0.0761490238693570",
        "original_filename": "开始懂了.mp3",
        "music_filename": "6831c0e9d495d0.0761490238693570.mp3",
        "cover_filename": null,
        "title": "开始懂了",
        "artist": "en(王翊恩)",
        "album": "未知专辑",
        "duration": "3:35",
        "duration_seconds": 215.01600267827254
    },
    {
        "id": "6831c1890f25f3.418299358c27f704",
        "original_filename": "雨爱.mp3",
        "music_filename": "6831c1890f25f3.418299358c27f704.mp3",
        "cover_filename": null,
        "title": "雨爱",
        "artist": "杨丞琳",
        "album": "未知专辑",
        "duration": "3:35",
        "duration_seconds": 215.01600267827254
    },
    {
        "id": "6831c1ce28d696.16925662b993e112",
        "original_filename": "天后 .mp3",
        "music_filename": "6831c1ce28d696.16925662b993e112.mp3",
        "cover_filename": null,
        "title": "天后",
        "artist": "陈势安",
        "album": "未知专辑",
        "duration": "3:35",
        "duration_seconds": 215.01600267827254
    },
    {
        "id": "6831c26053cea0.127949428c4647a2",
        "original_filename": "271c8b253839940daeee5918b9107ff1.mp3",
        "music_filename": "6831c26053cea0.127949428c4647a2.mp3",
        "cover_filename": null,
        "title": "至少还有你",
        "artist": "林忆莲",
        "album": "未知专辑",
        "duration": "4:34",
        "duration_seconds": 274.8081881916539
    },
    {
        "id": "6831c488f365d6.07846069e5dee43b",
        "original_filename": "a6553f94eaab560f250e49e4977149f8.mp3",
        "music_filename": "6831c488f365d6.07846069e5dee43b.mp3",
        "cover_filename": null,
        "title": "我的歌声里",
        "artist": "曲婉婷",
        "album": "未知专辑",
        "duration": "3:36",
        "duration_seconds": 216.63346998148634
    },
    {
        "id": "6831c69d11fe43.168853517d21ee9c",
        "original_filename": "小时姑娘.mp3",
        "music_filename": "6831c69d11fe43.168853517d21ee9c.mp3",
        "cover_filename": null,
        "title": "爱殇",
        "artist": "小时姑娘",
        "album": "未知专辑",
        "duration": "3:35",
        "duration_seconds": 215.01600267827254
    },
    {
        "id": "6831c6e30a0fa0.76420604144db8c0",
        "original_filename": "不浪漫罪名.mp3",
        "music_filename": "6831c6e30a0fa0.76420604144db8c0.mp3",
        "cover_filename": null,
        "title": "不浪漫罪名",
        "artist": "王杰",
        "album": "未知专辑",
        "duration": "3:35",
        "duration_seconds": 215.01600267827254
    },
    {
        "id": "6831c71fa7bca6.223385814b725d35",
        "original_filename": "稳稳的幸福.mp3",
        "music_filename": "6831c71fa7bca6.223385814b725d35.mp3",
        "cover_filename": null,
        "title": "稳稳的幸福",
        "artist": "陈奕迅",
        "album": "未知专辑",
        "duration": "3:35",
        "duration_seconds": 215.01600267827254
    },
    {
        "id": "6831c7a2994f55.86909851bc702c4e",
        "original_filename": "没那么简单.mp3",
        "music_filename": "6831c7a2994f55.86909851bc702c4e.mp3",
        "cover_filename": null,
        "title": "没那么简单",
        "artist": "黄小琥",
        "album": "未知专辑",
        "duration": "3:35",
        "duration_seconds": 215.01600267827254
    },
    {
        "id": "6831c7da680594.44463914fbf6ee30",
        "original_filename": "14cb634aa6745c0b85660cd18cd3dcc3.mp3",
        "music_filename": "6831c7da680594.44463914fbf6ee30.mp3",
        "cover_filename": null,
        "title": "匆匆那年",
        "artist": "王菲",
        "album": "未知专辑",
        "duration": "4:01",
        "duration_seconds": 241.00571456204725
    },
    {
        "id": "6831c8b6cb5ec8.25417229f495b20e",
        "original_filename": "悬溺.mp3",
        "music_filename": "6831c8b6cb5ec8.25417229f495b20e.mp3",
        "cover_filename": null,
        "title": "悬溺",
        "artist": "葛东琪",
        "album": "未知专辑",
        "duration": "3:17",
        "duration_seconds": 197.0938784586659
    },
    {
        "id": "6831c90a045ef5.661130631d1265a7",
        "original_filename": "c3aa221bd5b7c204455a1f65c65633ee.mp3",
        "music_filename": "6831c90a045ef5.661130631d1265a7.mp3",
        "cover_filename": null,
        "title": "把回忆拼好给你",
        "artist": "王贰浪",
        "album": "未知专辑",
        "duration": "6:21",
        "duration_seconds": 381.02206505200195
    },
    {
        "id": "6831c92f9963f6.94980063d86317bb",
        "original_filename": "2962d2339fbd854c359256c452ba5fb1.mp3",
        "music_filename": "6831c92f9963f6.94980063d86317bb.mp3",
        "cover_filename": null,
        "title": "指纹",
        "artist": "杜宣达",
        "album": "未知专辑",
        "duration": "4:00",
        "duration_seconds": 240.28800239664469
    },
    {
        "id": "6831c98be2af89.862723477a99792c",
        "original_filename": "如果呢.mp3",
        "music_filename": "6831c98be2af89.862723477a99792c.mp3",
        "cover_filename": null,
        "title": "如果呢",
        "artist": "郑润泽",
        "album": "未知专辑",
        "duration": "4:17",
        "duration_seconds": 257.5412245835998
    },
    {
        "id": "6831c9f41b0b53.1913774821f1bfb8",
        "original_filename": "后来.mp3",
        "music_filename": "6831c9f41b0b53.1913774821f1bfb8.mp3",
        "cover_filename": null,
        "title": "后来",
        "artist": "刘若英",
        "album": "未知专辑",
        "duration": "5:41",
        "duration_seconds": 341.42043260673427
    },
    {
        "id": "6831e6c7eeea16.401504094321660c",
        "external_url": "https:\/\/m702.music.126.net\/20250524235805\/9f104407d1bf08702fdb5ab11fd03e56\/jd-musicrep-ts\/ba62\/2c05\/f3a9\/b4a5369d40852efca6a42196a70c0dbc.mp3?vuutv=6IUQ30qkQ2sr7FHPgDrroHctERhXHB8c6Hy6QR9G+LG9z46kJducnK4ExgdXW561W3WtOZrXCQjt85bkpx7Jow4O0MW1Cqjdibfprb2YHmwUHDJFx+8CVaCCaZc88+30rQjdt9YXKVGJa7xI9rCzR2cs4xMpqkDq7t2cWgmA42s=",
        "title": "暧昧",
        "artist": "薛之谦",
        "album": "外部链接",
        "duration": "0:00",
        "duration_seconds": 0
    },
    {
        "id": "6831e8edecd5a1.89207934f9c6f683",
        "external_url": "https:\/\/m802.music.126.net\/20250525000718\/c37dd93e78ff31da8f3d2398d23d21ae\/jd-musicrep-ts\/eef1\/ef79\/49e5\/0626b9dcacd00d1902f358c6f801c783.mp3?vuutv=7iUA90tmgNau5AU0YFg2AEYrrTAi\/K1epCBRaa7epVb1vSOrgT6aFtMORiiANjRffpQOTnD1qgFZNy+Tn0lmsSbePO9uWb2kvvAbLo2Nzsd4dphTuHNpCYE5KcZnIh4z9qxUNsm\/BwawPa328Fi3ZjOVgJa7dbpXUMuRuP3wKLE=",
        "title": "演员",
        "artist": "薛之谦",
        "album": "外部链接",
        "duration": "0:00",
        "duration_seconds": 0
    },
    {
        "id": "6831e937c347f8.68470989c5933b42",
        "external_url": "https:\/\/m702.music.126.net\/20250525000833\/30eafb82fece5ebb8df3c3b0f7596933\/jd-musicrep-ts\/4bad\/e1d6\/01be\/fc57410c11225af6e4d409db80d989f9.mp3?vuutv=7DCQJGnUzy4izTmZ7ZH47ceYLAnGt44dxZN4BC3RgNG0gbPwFrQzYoXM2YLYiKfF2nYarnHzl\/tXqpAX8vztDa6dd1mgDrPJKOzGooRIIUNmDuwR3ev9LaqpDJ9dLDpsbxnL\/NdMMTIywnqJI9md4yPvTP+SAtszxKO1KTB34ww=",
        "title": "绅士",
        "artist": "薛之谦",
        "album": "外部链接",
        "duration": "0:00",
        "duration_seconds": 0
    },
    {
        "id": "6831ec720813d8.94587385ad79d2f2",
        "external_url": "https:\/\/m701.music.126.net\/20250525002212\/7d073308ccfc9f62de22263adb1c6093\/jdymusic\/obj\/wo3DlMOGwrbDjj7DisKw\/14096565708\/7cf3\/a99e\/5a69\/8993c40c4411d9bdbb90bc9ea61a5071.mp3?vuutv=FUXKGFlF1KiEzhbRF3xXhBYlzPBNQ7znSo0E2\/QWXwTwsH4avdc+\/OEVgESCvJiMebb4JhXnaZmJSIxX4Ixj7fBi+uiqKYCpC6RIjxE45dJdv5Nl2EZPDZD4QZ23dvnjVHZm7afWIY0vgSXGlXDi6VsVxatGxyuwpQQhOvB1vJc=",
        "title": "安河桥",
        "artist": "宋冬野",
        "album": "外部链接",
        "duration": "0:00",
        "duration_seconds": 0
    },
    {
        "id": "6831ef60d604f9.63504190b359a8d5",
        "music_filename": "6831ef60d604f9.63504190b359a8d5.mp3",
        "original_filename": "冷战.mp3",
        "cover_filename": null,
        "title": "冷战",
        "artist": "TizzyT\/万妮达Vinida Weng",
        "album": "未知专辑",
        "duration": "3:43",
        "duration_seconds": 223.03200258203336
    },
    {
        "id": "6831f010d3ebd0.988035679ae51509",
        "music_filename": "6831f010d3ebd0.988035679ae51509.mp3",
        "original_filename": "YNimSPFqGYyYpT9nxLb5VUJiuD0hhQrvlwRGemm8znSpLpo7DNGlAB7KI5CXUJU463CIvI=&authSecret=0000019703114fc31d740a3b197f25e0",
        "cover_filename": null,
        "title": "虚拟",
        "artist": "陈粒",
        "album": "未知专辑",
        "duration": "4:00",
        "duration_seconds": 240.64000027946608
    }
]